location_id,soil_moisture,temperature,carbon_dioxide_levels,carbon_sequestration_rate
1328,33,34,65.6007841177197,0
1046,46,40,74.92252732907022,1
1301,22,32,77.74834718619422,0
168,25,36,97.70122584424956,0
572,50,35,74.09566982955903,0
409,52,35,67.2713349544076,0
1614,46,35,86.3177462061112,0
203,53,35,99.14800501778976,0
219,59,31,74.25676806435699,1
1500,42,38,84.68909435678643,0
1341,32,33,90.74915861134087,1
824,46,37,77.6932771303236,0
225,40,40,66.60096015597281,0
607,54,37,78.5847027290994,0
1385,49,37,91.86919487878711,1
1028,57,34,62.539380732213694,1
1498,55,34,94.0243716082492,1
688,59,36,60.72366303466854,1
1090,44,33,95.57768240559673,0
158,29,33,94.72685076598889,0
1948,48,38,65.82719303862251,0
325,51,38,84.86429815600683,1
1197,59,37,95.86485589121908,1
19,53,39,81.50312288975363,1
269,58,36,91.81656150522716,0
1940,26,37,98.32755911572656,0
746,59,37,81.77093693029846,0
943,33,33,89.58341384070519,0
449,42,30,84.65234723045575,1
1881,26,38,82.88763875835588,0
41,59,37,64.31603402856895,1
1774,44,35,61.54524332456315,1
1588,54,40,95.72083210858436,1
1754,46,40,86.01513784137587,1
1632,38,34,66.65308608053499,0
1784,33,34,73.46010525904195,1
387,46,33,60.674809652341544,0
666,50,30,79.58467501632803,1
1129,27,30,95.76094466995272,0
3,38,37,92.62055407789887,0
1288,22,38,83.46280143448226,0
988,42,30,86.6730553651872,1
1740,43,30,63.22023813360698,0
838,28,33,76.83847272810242,1
312,38,39,70.34068416474422,1
1793,48,37,60.8299935302421,1
1809,38,31,84.09226175710866,1
787,28,32,67.23516180317837,1
1224,35,38,97.64305830692237,1
1074,34,33,91.91224303856615,1
909,31,35,66.20132426088995,1
402,53,35,70.25482940113325,0
244,56,40,63.8739946666934,1
142,38,37,96.41428469885588,1
257,51,38,96.98841034570275,0
1156,40,40,84.07484709099865,1
1204,42,34,64.6392594694869,0
1228,36,35,86.8763808973846,0
298,55,39,88.12509548225924,0
1786,56,34,90.4967966026596,1
1954,40,34,76.95818052427052,0
259,37,37,62.82703390626925,0
889,49,32,76.48956548863907,0
350,47,33,69.5095046223255,0
1752,31,31,87.28038039102321,1
886,24,39,67.80695601558917,0
1554,26,40,70.82795559004677,1
944,40,31,88.3728070614168,0
759,51,34,79.67579944541036,1
337,58,38,98.9695199621053,0
1771,41,39,93.8193215461892,0
721,32,32,85.87636896895832,1
1669,24,31,99.93649725814748,0
1038,25,31,92.44743641533859,1
1482,27,30,82.709692605593,1
996,53,34,62.482439711194495,1
831,56,33,84.87877537138914,0
274,45,32,62.66228128710765,0
54,31,32,82.69753453671606,1
523,51,34,89.68201528502908,0
1209,54,35,75.61818512391726,0
854,30,33,98.84198370600203,1
464,59,36,90.6593045859363,1
918,60,32,69.00286186146866,0
1874,48,31,94.55380348182284,0
1112,36,30,71.69563412672615,0
138,39,40,70.3431478899757,1
1245,25,35,96.39555117464818,1
33,34,37,96.63107882290089,0
136,58,31,73.49670295002176,0
860,27,34,76.66607096583672,0
1445,57,33,65.2392105723562,1
1248,35,33,77.21669095147847,1
1476,60,31,91.29541173960149,1
1104,43,35,89.31510240111886,1
1412,25,38,61.61355934938714,1
1492,27,35,93.22585099411204,0
1296,42,33,86.49895227804538,1
139,44,30,94.57204699973147,1
853,44,34,67.58438722940895,1
1180,58,40,87.15099646687365,1
1529,59,35,76.47294937180796,0
851,53,30,70.23172342886195,0
1244,39,31,77.50921112533658,0
995,29,33,90.53361724342076,0
233,35,31,65.35253293020803,1
1127,37,31,91.35194842207575,1
500,29,38,94.04457055862113,1
531,50,30,77.5095132671164,0
182,47,35,76.51847297169584,0
373,27,36,76.5799441919481,1
401,24,37,96.91447610967899,0
692,42,37,71.88111129419647,0
370,26,30,78.19876659096744,0
785,29,30,69.70739006994341,1
770,58,38,80.88571731675154,0
1859,51,36,67.52009813099455,1
1996,44,35,81.45735021996572,0
1810,39,31,95.71218724349598,1
800,31,34,96.76661550132172,0
1608,56,39,72.48913578642188,0
191,44,36,75.47629281271008,0
564,30,31,66.82089805737732,0
1575,36,30,90.16554108233198,1
1526,41,34,70.92779495348618,0
9,55,37,67.34473268864728,0
1703,37,33,70.65558180050398,0
1363,27,33,90.4706539006156,1
912,22,31,66.94590741869955,0
1805,53,35,88.42434032759333,0
1050,38,33,85.1851225735677,0
1213,22,32,66.01442636169485,1
109,41,34,96.72887390444063,1
406,44,40,94.21115741278427,1
1283,52,31,86.84951920879584,1
597,28,34,92.00142891424132,0
724,58,33,92.77871068246367,0
1414,45,37,63.97579296377429,1
1557,34,37,92.90101023175612,1
1684,25,39,74.96557603958892,0
1325,24,34,61.2622452088263,0
905,47,36,86.90231027926764,1
1862,53,36,91.44006436350958,1
1057,47,34,83.8302358752749,1
1858,38,35,71.8453873040232,1
898,27,32,61.574618578371926,1
925,45,36,80.46166126934855,1
391,36,40,64.92473600698497,0
1453,33,31,77.84584099532832,1
420,47,38,74.72018256588231,0
1828,55,37,99.12221039716239,0
866,31,35,79.32263641259917,1
1437,50,36,86.95501374740462,0
224,35,30,68.91863190285636,1
1999,44,38,96.99443843235372,0
272,48,40,93.22967752137727,1
735,50,40,73.08200808270067,1
97,25,34,70.28066458726354,1
1007,45,36,89.56343267126324,0
397,39,33,70.67090100946717,0
487,47,31,93.79890432088823,1
1002,22,36,64.07359596395214,1
1461,34,30,92.79758581447783,0
1261,48,30,60.59538144765942,0
400,50,34,86.54297744214591,1
314,39,37,74.9592095193062,0
1803,45,36,80.70316560947558,0
1017,55,34,94.31401254908538,0
991,54,38,74.40925638036714,0
1473,49,31,91.3661419657831,1
263,40,31,73.3715276533525,0
1620,29,38,96.13311416537925,0
256,51,40,99.49380122415954,1
1961,44,30,91.72549714518723,1
1186,58,39,75.11766027134,0
1359,47,35,65.78966700391742,0
1534,60,35,96.60439005413554,1
741,42,40,85.53146743761336,0
1083,33,40,64.19437377887647,1
1045,46,34,78.72197474477966,1
1848,49,40,90.29280441081357,1
1909,31,36,63.371011529425935,1
601,34,37,69.63573038816932,0
1787,55,35,85.12693322570324,0
801,50,34,88.11513067322709,1
1865,35,33,61.77720345049486,1
1813,50,31,95.48088551622558,0
1352,43,38,72.07165937344578,1
1666,33,39,60.53672213890521,0
1499,33,35,61.23512356753634,0
708,55,37,94.06651014680206,1
522,41,31,77.16388985473641,1
1403,54,30,93.77251071052108,0
1292,54,31,85.32266670002024,0
1118,33,40,74.30677399675757,1
738,51,32,81.0366710961652,0
1758,31,37,74.23843812389475,1
672,29,36,74.45651685534054,1
868,40,34,92.78619002978755,1
608,31,31,67.59850572601289,1
223,24,34,95.65561725977827,0
252,41,30,85.311606847179,0
247,24,39,70.48343286475776,0
1531,27,37,96.16369172345236,1
137,46,34,93.13160791147135,1
1396,22,30,75.40980726991552,1
1886,31,36,75.87010647267986,0
1380,40,31,95.91269614902154,1
904,45,35,64.38321044920835,0
1827,32,34,91.45749566107612,1
50,28,30,65.32155793103215,1
916,34,32,60.05689812197846,1
206,52,35,85.44916615846856,1
179,57,32,76.25621294217031,1
1708,57,40,90.75981175972998,1
198,43,34,83.43814791845888,0
954,60,37,74.1145350085095,1
344,37,32,83.78171140633974,1
1177,46,36,74.88217294424517,1
971,54,32,89.7434366593811,1
150,58,31,92.29352722562228,1
91,42,35,93.34172417043344,0
1995,42,35,82.68590223821268,1
1638,52,30,60.30968188358777,1
205,22,34,85.73918219166765,0
1920,44,35,60.464401001486934,0
644,23,35,94.2844084611317,1
1696,56,37,85.66675321779168,0
1152,33,38,88.18250167213039,0
1719,49,32,90.22579036487747,1
1971,49,32,85.89529818096211,0
659,46,32,71.20836761929756,1
1842,26,38,88.36247216470821,0
362,32,36,70.80083622172064,1
1463,54,31,81.62278186656715,0
1303,56,37,76.16010017074174,0
1746,28,40,89.78774201672465,1
411,43,39,91.10604257547246,0
1113,44,32,89.99930070248693,1
121,23,32,62.35587564894936,0
1964,32,36,73.65093656979303,1
1068,33,38,94.22176019461858,0
1702,50,34,61.40181243823607,1
1573,52,39,61.3837425476912,1
1504,26,36,61.17757948956144,1
1917,30,34,90.25008012830372,1
816,34,34,82.76392933082971,0
443,24,36,78.64674663052489,0
1547,51,31,99.91691871826177,1
222,50,39,62.01805312320695,0
1201,50,31,95.04109022876374,1
1692,26,30,91.17848766968238,1
23,35,33,60.73907798245174,1
287,50,40,68.65759277198521,0
286,57,39,71.15845850603121,1
1817,53,34,95.84364740571677,0
1139,50,37,72.72516211600804,0
567,28,31,82.00683646193683,1
367,54,33,68.90708989502276,1
963,47,34,71.89778996137508,0
104,26,31,90.90408503400039,0
1357,56,40,86.21511412555945,1
105,49,36,91.96526607294699,1
762,37,33,81.55631356405307,0
1882,33,34,62.636807197767276,0
1821,28,36,69.75278828907629,1
1208,46,38,87.53675360836895,1
1330,60,37,74.44345218082587,1
596,47,34,84.55730821855703,1
1308,34,35,88.69135869009943,0
979,44,33,63.38833926958513,0
758,47,38,98.89909907765232,0
341,42,39,90.39854466191412,1
1163,59,35,61.06015016060563,0
700,59,37,84.27518678231428,1
1142,45,30,85.12388388519923,1
1489,51,31,60.86316868726191,0
1630,23,39,72.47448996318155,1
1790,36,40,69.2805184905495,0
1580,25,32,74.3466466835851,1
1274,58,39,70.03524086545478,1
924,41,39,60.977064702785114,0
1564,57,30,82.63301443780483,0
748,56,34,89.11229346700782,0
1890,32,40,99.52613143422931,1
635,56,30,94.81121380257534,1
492,50,39,89.74223749983167,0
1512,36,37,73.95730792272636,1
506,41,40,90.03782182110564,0
799,57,37,93.75795901118161,0
1722,31,31,76.76725562460823,0
488,42,38,67.84864634637059,1
450,58,31,62.009421142320036,0
1433,56,40,67.7872670657968,0
959,60,33,75.05635930981546,0
1567,38,35,79.62601532330385,0
1267,56,38,69.16716578778284,0
324,32,38,92.3787313969267,1
1571,42,40,75.14175961994447,1
1990,45,31,85.476293173067,1
545,26,32,83.32106641833997,1
873,55,39,76.88142002456487,1
1986,41,31,93.68635569584919,1
814,37,33,68.68149301419234,0
60,57,30,98.83000537885081,0
825,41,31,82.9332560230471,0
1624,54,40,71.01664278827924,0
323,57,30,68.78584487874771,0
1732,58,33,98.67232085268175,0
803,47,36,71.98827444036502,0
665,57,32,98.5552885750344,0
849,56,40,87.50382461785304,1
1273,52,32,79.92762937652817,0
578,38,40,70.5160973900689,0
1880,28,31,76.58153970704018,1
347,25,33,61.16129911614379,1
677,44,40,91.56064808155745,0
1381,31,30,77.96442997412201,0
1974,26,39,73.75787945644858,0
1596,52,37,67.04236102547381,0
1834,45,40,61.294041291021564,1
518,35,31,88.40713068234996,0
628,43,36,60.822050289342535,1
1788,25,35,70.7201374481662,1
1763,22,30,65.07091976951835,1
389,56,37,86.4315242037443,1
981,25,39,96.34935902818057,1
603,37,31,97.17588635108442,0
503,39,35,68.28626134734158,1
821,26,36,70.39033064109468,0
465,49,38,92.34349168146593,0
204,33,33,83.86991767926699,1
684,51,37,98.86157934766894,1
427,22,32,89.28370542942051,1
1872,54,38,97.85275769967956,0
1390,60,34,85.25151291834445,0
1323,23,37,85.3180445616573,0
56,41,34,73.78130118686799,1
1932,36,40,95.09958571405085,1
1724,30,38,88.83957099713464,1
187,36,32,87.41747512447881,0
1120,50,30,88.53946263406536,1
1603,23,32,98.20697117619211,0
915,35,40,74.5009194491975,1
584,56,39,66.8658105053127,0
394,58,38,91.5507358120269,0
865,48,35,90.73509571715445,1
1672,46,31,85.55421702388657,1
1012,46,32,78.89881032254895,0
1515,41,40,92.8536064655044,0
674,24,38,98.33967526523543,1
1379,23,30,65.3313988390957,1
1618,25,39,64.68362321409904,0
1149,38,39,79.11057554551236,1
1400,49,40,87.96881478794366,0
598,41,38,68.1047253872577,0
696,41,34,88.08007786104527,1
681,50,37,77.72071329865256,1
701,26,34,98.23379341055139,1
1495,51,35,89.5670519310651,0
1008,36,38,91.21973338170982,0
1646,42,31,91.17509323552034,0
1493,59,33,99.1957222431009,0
1854,35,40,95.73901604449978,0
581,26,33,62.5585954951999,1
574,59,32,78.38507966635683,0
1194,38,36,84.80314276110501,0
933,32,32,63.516272670350645,0
588,47,34,95.4162481675055,0
245,35,38,98.52900459159378,1
1161,51,31,77.61890741280524,1
812,40,30,83.37674965785962,0
1860,40,38,91.98724512168101,0
1941,29,36,84.66158533085645,1
1364,55,37,75.31442979309188,0
1772,45,30,60.78516458859544,0
379,59,35,72.7021188079546,1
265,28,35,68.34367222375327,1
1016,38,39,72.46705568471316,0
353,36,34,72.78418833860168,1
1781,43,33,62.686439842661606,1
436,55,33,65.2372851743214,0
1629,53,30,90.4909411970941,1
1340,31,39,87.42898705410099,0
651,33,35,60.08180962274666,1
1370,48,31,62.56138450447409,0
1251,46,38,65.48239215920914,1
1282,37,32,85.33255038736323,0
682,56,32,71.60301673156218,0
284,26,33,88.83343160846027,0
1757,38,30,62.68954542076382,1
281,33,36,85.31768885809383,1
154,29,32,67.82174875714752,1
1367,55,35,96.86003357072627,1
507,32,36,78.63072448160867,0
1628,26,34,79.10095661991903,1
547,24,39,72.55647295652629,1
1428,60,35,64.08713464514996,0
843,51,39,68.3334302789621,1
820,34,37,85.28087567446423,1
148,22,35,65.17829543723013,0
1887,42,30,84.15936390088581,0
707,60,33,91.07661736209224,0
751,49,40,69.98489257628731,1
1906,26,34,80.71216472828644,0
579,36,31,84.2361930833874,1
1649,38,30,80.20299400463085,1
87,59,34,83.87761948606732,1
992,49,34,76.3500044312171,1
1160,34,33,62.93998524829452,1
893,49,39,99.69540789606461,1
1285,44,32,77.17254746181776,1
1268,50,35,76.0876443840139,1
1457,44,39,90.77123339743885,1
441,30,30,80.71113034821843,0
1569,32,31,81.65580989909651,1
1429,35,31,64.40157786372797,1
1829,51,33,63.65515107878438,1
261,26,33,79.1031366583808,0
539,53,35,78.55153392018335,0
1966,52,35,95.7905745749376,0
1070,45,39,81.34097965235509,0
1572,24,40,73.93783551798867,1
1934,56,37,89.08567121372343,0
1063,42,34,71.18774077991782,1
618,34,35,69.20609298730072,0
1256,43,38,87.41004691805608,0
1389,34,35,90.36737677314521,0
1730,54,36,99.86504378435707,0
1036,38,40,74.20772748514085,0
1923,58,34,95.0527136590589,0
788,36,31,88.60129385237924,1
968,46,31,72.82348468053725,0
984,35,39,83.6058852505833,1
1195,28,33,83.35362354756448,0
1501,27,34,78.60964797649417,0
978,43,35,60.67108988126,0
7,33,36,74.3933831243759,1
733,23,37,90.87899299154168,1
1937,33,40,77.7804757221061,0
1040,52,30,82.1147977524886,1
1115,24,36,76.25927241131984,0
277,22,40,63.40077461622814,0
946,41,35,90.48498091349941,1
1777,55,32,73.90392893540047,1
1193,26,30,88.22578741375382,1
837,58,32,96.33095491345365,0
1034,47,30,88.9462561938119,1
1706,33,40,60.667165923205395,0
740,46,31,99.80926129880595,1
346,42,31,93.44209686721663,1
448,47,40,62.04758585250871,1
1911,45,33,88.82988295768112,1
1240,29,38,96.37015807996296,0
1713,45,30,62.15807398803335,1
1280,28,40,68.75718028846936,1
1043,34,34,82.94739068181516,1
634,22,35,88.9825352691984,1
407,26,39,89.38710815979132,0
1893,32,35,60.53615061057987,1
438,36,36,91.98265023435506,0
844,41,37,68.84566917043634,1
1259,37,37,85.01439030606687,1
1237,34,35,89.42349675430043,1
753,26,31,77.77979511095616,0
80,56,31,90.81291371089864,1
745,48,37,65.25255384078397,1
292,47,39,76.94796731385232,1
667,51,37,74.80346633922261,0
1192,33,31,77.64112145640317,0
1928,43,31,92.41107655361495,1
606,32,30,93.98577730148759,1
338,40,34,79.99078475912285,0
936,30,32,84.47481785550501,1
736,42,35,69.46175356998468,0
1919,39,34,92.2520422982783,1
1255,53,36,80.39251584496579,0
1175,46,40,68.18816239682121,1
432,32,35,83.53265551206994,0
1200,42,32,76.09062543654356,0
216,31,32,62.76958648070669,1
1530,41,37,74.00251156941819,0
1377,32,37,89.5037965605101,1
369,39,39,75.8107241060649,1
473,27,30,97.56650950530756,1
149,58,35,83.43232551783566,1
1623,25,35,73.01824718638642,1
1140,52,39,85.10196527606848,1
861,30,31,74.52840601149164,1
1481,32,32,90.8271143677699,0
1647,42,35,71.05927278294013,0
1210,32,31,91.13402544741803,1
4,55,33,84.99037081411288,0
1627,57,35,90.09374675643821,0
526,36,38,63.65997231917454,1
133,29,35,99.68118822445217,1
910,44,33,93.9860028968086,1
1037,53,36,74.99327544413006,1
1218,42,37,61.52822457002874,0
430,48,34,92.97196683403527,1
896,55,37,98.54309889632515,1
1238,29,38,81.4991109992367,1
1329,22,37,64.85875859043668,0
1704,26,38,71.78969008992507,0
1743,46,36,98.5578760613229,0
249,49,35,73.57127233338869,1
1131,48,40,74.5307244309123,1
619,26,35,79.26920984282802,1
1653,23,40,97.64352146867353,1
1081,45,36,93.99351660219989,0
1686,26,32,79.64380745590199,1
1085,28,36,95.48966698060502,1
112,47,37,63.87235449899285,0
637,26,33,78.72588850713001,1
1900,45,38,60.283342483189685,1
782,31,34,71.12350127355505,1
21,31,30,63.01212844265136,0
749,24,39,74.02959778794254,1
542,25,35,71.62996427454644,0
790,32,38,65.47446644332658,0
351,35,31,61.424919056110035,0
697,27,36,93.03700749207047,0
586,33,40,65.49632477278172,0
875,35,35,72.00118039978724,1
439,22,40,80.93580930648724,0
1114,33,33,79.17137418138886,0
424,51,32,66.75899622104308,0
478,36,38,78.70398989616291,0
1846,60,35,88.32333417625613,0
330,43,31,62.008958042009986,1
134,29,40,82.27027707435091,0
793,28,39,63.48066827413073,1
617,43,40,83.24068034429766,1
476,54,39,69.54855583328253,1
496,36,38,62.757291670409025,0
349,49,35,68.86917673809369,1
1639,58,40,78.8210413824963,0
1600,40,30,83.80683419866392,1
1936,24,30,77.92580537094165,1
365,34,33,96.929220543251,1
949,40,35,88.35434730423697,1
425,58,40,74.34491769402572,0
451,42,30,80.89983015221769,0
388,57,30,90.45980358598091,1
1184,48,38,78.22036555765754,0
1599,24,33,97.97565809700397,1
96,25,39,62.04668328126548,0
932,30,34,83.30412387517913,0
273,32,33,86.7925119388052,0
1520,35,32,76.85151202782295,0
1467,40,31,83.57740922514891,0
1737,47,37,77.9011133751917,0
645,51,33,89.22495134357587,0
729,31,40,68.83006860849149,0
537,47,35,68.57734867445376,0
1952,28,40,66.23938269661333,0
1705,60,34,75.39004950380718,1
1843,32,32,71.4046479382983,0
1789,36,32,71.2150775920247,0
18,24,40,70.27997723777267,0
171,27,32,78.59918572921796,0
183,60,33,70.71290253134086,0
1398,59,31,94.88402226635787,1
1404,24,33,88.63041858932877,1
1393,55,39,88.8433313671035,1
580,28,35,74.46069990943967,0
1679,55,36,78.43012400407497,1
1041,57,32,67.61850913575482,0
1154,50,40,60.084060150885634,0
1219,35,30,91.50986060926341,0
11,38,31,74.99930002579704,1
1082,43,36,91.45351478716492,1
1258,33,35,75.38140705248829,0
1794,30,36,94.98321324015961,0
1108,44,33,81.77521884350787,1
1247,60,38,81.7314813429055,0
1003,26,37,93.15957510975639,0
1472,51,30,84.97600787794552,0
998,30,39,88.32597550360514,0
1695,45,37,96.97857496558126,0
1656,37,34,63.01600333064344,1
78,55,40,98.17712509599599,0
778,31,39,60.85506384347638,0
972,56,38,71.44122455660927,1
1076,41,35,94.40612593718147,1
176,25,36,65.10788646961666,0
1694,36,38,89.59307270956262,0
1086,28,39,81.3279673592755,1
550,32,35,63.04229168086353,0
1465,43,31,99.31795073351424,1
1304,43,38,82.11375544093742,1
372,30,35,84.36712609090387,1
1718,55,31,92.30239234221119,1
1957,42,36,66.74874328224152,1
1145,39,35,99.57422559489335,1
747,26,38,73.97474888533216,0
530,54,32,60.92107169876296,1
98,41,32,73.4450206819002,1
1898,51,36,80.21900247980301,1
243,50,35,86.02816369818095,0
1837,48,36,64.75021934798437,1
1095,55,31,70.38954967305642,1
1760,59,30,88.51713614174572,0
1151,35,32,76.7037983788106,0
993,56,33,61.7760659930956,1
12,44,35,84.59918971153218,1
527,38,37,91.56331075779333,0
501,25,30,60.74265176615832,0
1424,46,33,80.81193255345293,0
1615,33,39,92.0103407835683,1
1405,31,40,71.14589558798193,1
664,54,38,84.75160179935665,1
1918,40,32,86.69543106750248,0
484,31,34,62.978135450328516,1
894,43,38,80.92501856251468,0
1061,32,31,89.82760543016956,1
709,26,40,72.55997629483748,1
495,60,33,74.01099404497137,0
1033,33,30,75.39037820086806,0
1231,45,35,80.43172628341672,0
29,38,32,62.71968479983347,1
1314,29,39,60.052626083284,0
1183,28,32,69.77730115960986,1
1597,22,32,99.02863239445848,1
248,30,30,61.14099231972374,1
66,41,36,71.78176599882244,1
459,26,34,70.31557995673445,1
1382,55,36,63.29614218475793,1
1631,27,33,72.11085578451979,0
712,54,39,65.9049621497503,0
1640,23,30,67.59236899720527,1
368,33,37,96.33244175782707,1
99,26,36,97.32218736992733,1
690,60,40,86.17766988443951,0
241,30,40,73.66458751012377,1
170,41,33,61.210676915091526,1
1978,47,33,76.11352136896886,0
196,26,30,62.62198438472501,1
22,59,31,77.95527165341848,0
1333,49,35,63.6123560097894,0
940,41,38,76.84867075655247,0
1064,48,37,92.29029624923261,0
1977,35,34,60.92064564785086,1
1981,45,31,80.76569628114792,0
989,32,39,63.79625889716474,1
1097,52,33,80.13713767446484,0
186,24,37,81.20708593290455,0
1522,30,39,94.16392223487387,1
1004,42,31,89.2867127354842,0
796,55,40,73.33848640419347,1
797,37,39,84.3535820707637,0
1477,31,38,83.94295695023455,1
1871,60,35,74.52835764430706,0
1386,28,35,79.41036454690669,0
890,25,37,70.65065541250445,1
1342,31,33,64.01561525310288,1
1935,33,40,83.1268888570814,0
1069,24,40,69.17791591445706,1
1710,22,31,66.30494863023365,0
1815,24,34,98.0104704090239,1
1560,60,33,75.30502110188053,0
1617,39,32,72.2955998823625,0
208,59,31,99.84470331296998,0
1373,50,38,84.43660102946757,1
1765,57,38,90.98536744407619,1
1048,29,31,99.0091550628865,1
1598,60,39,81.86863669521763,0
1130,43,32,81.17285869508981,1
53,29,30,78.50479407332776,0
1442,31,31,84.60676185654869,1
250,45,31,83.46130448138368,1
1343,25,33,81.4083910623499,0
185,44,31,72.39689407519073,1
676,52,33,60.785419763359705,0
1272,25,39,83.34791434367494,1
1943,34,35,69.9676346453236,0
563,56,31,98.0880707218385,1
169,22,32,94.66459017119595,0
983,46,33,64.35500375412659,1
1856,45,30,68.53171707103006,0
1072,23,34,62.486946653732446,0
948,52,35,75.4981203572293,1
220,25,40,83.61464074516823,0
1199,48,32,81.93527796912797,1
498,57,35,81.9052164047834,0
1206,23,37,84.64881910506824,1
120,47,33,71.5328607764626,1
1098,50,38,61.1056562598138,0
1683,43,32,98.98686961639942,0
577,53,33,70.74960250100506,0
1217,57,30,78.48269397082214,0
756,33,32,63.69980633776149,0
723,37,39,81.83137213277362,0
1458,47,32,60.78083234593996,0
1579,48,37,66.51549032003967,0
1822,45,38,67.90667224607681,0
1587,34,39,93.8906447877929,0
44,57,40,67.91649350953266,1
1982,46,34,88.93706848088814,0
777,28,37,85.59097910128335,1
423,60,40,88.65376434160734,1
1811,40,38,66.80915228918612,0
1831,29,30,73.12546945535271,1
453,44,38,73.91698565444943,1
39,58,34,63.60627993770203,1
75,30,35,88.99878562567966,0
1541,52,32,94.32651834852261,1
743,28,36,61.93996487376777,1
1005,49,39,92.78114498263265,0
358,59,37,90.58488078314386,1
123,50,37,60.63592451071365,1
1335,27,35,82.95926179342804,1
1167,24,39,85.0073970381081,1
1967,39,40,63.45185013505696,0
1741,22,35,90.71492157077125,1
128,43,30,62.83113747773394,0
1576,41,40,63.490700532023176,0
557,46,36,71.85546938111548,1
1487,57,36,98.11093047406213,0
900,37,33,86.3051708049037,0
744,41,33,67.84037143386702,0
1157,56,31,74.15859377431734,1
486,32,30,84.81071169778457,1
1514,31,37,98.17586835909766,0
1093,42,34,73.98241936574865,0
548,60,34,99.9884382561132,0
1319,49,30,97.43133803782962,0
713,24,30,92.29858654633293,1
1080,28,37,90.48847067094631,1
404,43,31,86.67965118829105,1
1137,29,32,60.95631356155561,0
768,24,40,94.60343249250916,0
1022,24,35,94.79041878629107,0
466,47,39,61.81707969540119,1
1138,55,36,70.51389649607603,1
717,30,36,97.55671658484756,1
412,51,37,99.42324211852738,1
1610,48,35,79.59898329672384,0
447,40,31,77.5153868688061,0
237,42,38,89.30602299761888,1
1611,58,38,72.633595189519,1
381,22,35,75.83751701464482,1
27,36,30,69.57019340205716,1
201,39,33,83.04380747707505,0
1685,49,38,83.8528649563667,0
986,52,35,74.18933266662077,1
1102,29,31,87.46236483384425,0
728,24,37,84.81940858044499,0
1091,39,36,63.97516314829116,0
1563,55,30,75.73089276126956,1
1032,22,35,72.18395000662044,0
1552,27,40,87.78822208679644,1
1395,34,30,90.96586571796989,1
1853,56,34,61.78289387390692,1
1275,56,35,77.6079472729976,0
858,42,32,60.37638383889582,0
538,38,40,60.89037534127437,0
231,58,35,69.95213797267844,0
1369,57,36,83.90022068810671,0
1053,40,32,95.82138499498765,0
452,40,34,80.32763718203609,0
1542,39,38,86.92446481747223,1
1570,28,35,90.689582133433,1
356,39,34,80.65662908676543,1
1863,51,34,97.54266879262792,0
1875,28,34,93.87482084854729,1
306,60,39,91.61627069298049,1
620,31,38,90.44562257308203,0
823,55,30,82.68938050743569,1
1802,31,38,80.16755151434445,0
442,24,31,89.83482105848526,1
798,56,34,63.76794854292876,1
143,24,35,94.77983276330443,0
955,23,37,71.05568692888255,0
514,45,40,90.32432559642078,1
457,26,31,61.36760234656301,0
1675,47,32,98.22931291026973,0
1592,46,36,97.96146074589021,1
1506,29,31,94.16390410506001,1
110,32,34,97.97247229853502,0
1470,41,32,97.29229264885184,0
1227,28,33,87.33022294323682,1
268,44,33,76.58812902054063,1
693,23,33,62.64977236010711,0
1426,52,38,60.2667821204258,0
1988,29,31,99.9088954623738,1
583,22,32,65.83956090024643,0
1539,29,39,91.76263698405407,0
444,38,35,61.10966216259263,1
1509,33,30,61.45494658944645,0
1798,58,36,66.66830766902454,1
455,60,31,80.87850867026853,1
1929,28,37,73.93000411677951,1
835,34,30,79.16718347858816,1
278,57,39,99.41520393246446,0
1212,46,34,62.55984625187909,0
1511,47,36,99.41665440205999,1
658,34,30,80.83711588755173,1
211,56,38,62.56987891737558,1
1387,32,36,86.44574015606338,0
1855,44,38,99.46451655656207,0
221,29,38,97.27728274684105,1
1744,32,39,81.49157157074481,0
160,24,31,79.29830332870591,0
1968,37,35,86.52395623821124,0
1729,26,40,70.25470580650261,1
675,26,40,85.15466105955967,0
1042,47,34,81.39456424762565,1
82,32,30,84.1224867844565,1
1444,37,31,64.54387310012267,1
1233,50,34,85.97939467986305,0
934,38,35,78.7635587231515,1
1434,27,33,86.75928024479126,0
485,55,31,92.0743886135835,0
1089,26,40,91.93621256534306,1
49,38,40,73.97815832557814,1
403,22,32,95.9271563144441,1
1109,55,37,65.34669253612556,0
1908,30,32,77.3347241170953,1
228,27,38,74.61366289244351,0
624,34,36,71.95523671512777,1
1755,37,30,78.33932455112102,0
124,60,32,72.90472016200148,0
1761,30,39,88.00648820387812,0
1839,34,33,74.82651989604474,0
151,46,38,88.44937256293315,0
1491,25,33,93.27007725365215,0
1141,50,32,69.34741669377246,1
119,39,33,80.73696252840598,1
1750,39,32,62.734293280870006,1
1634,38,38,76.79012459551794,1
704,57,40,98.0357371426011,1
1235,39,33,80.62446462960104,0
1905,23,35,86.58260162944886,0
1249,58,37,98.76457569175219,0
941,52,38,84.29652916062605,0
710,57,30,72.71330613974793,0
1838,44,36,67.99256923341754,1
1595,51,31,66.2078185523632,1
1278,54,37,82.60901563776952,1
1356,31,39,87.31245716992034,0
1179,29,32,65.34236602027885,1
1654,59,32,89.17015920606653,0
670,32,40,70.42171820762002,1
366,45,36,89.48761206142571,0
1431,22,33,93.50797372143109,0
1549,37,40,76.43339614834119,0
336,24,39,61.598288232724926,1
1604,30,37,61.04589388601476,0
1410,59,30,88.5344186297813,1
1783,44,31,89.0338368313461,1
1123,59,38,76.8078659169697,0
1462,22,36,83.23653856244282,1
1337,29,36,88.89173346325278,1
103,42,39,61.48160500459904,0
384,59,40,74.63114668719882,0
1991,41,30,98.70043664230431,0
705,27,34,77.72539090499308,0
884,24,31,69.50067181159916,1
200,39,37,90.94779679864067,0
232,55,33,68.58955765361095,0
1613,37,37,87.15435641085358,0
5,48,35,97.26257439484944,0
1711,52,30,98.74089714733515,1
1440,31,38,71.05105123270627,0
396,32,39,64.95273809168519,0
1351,31,31,85.25299266320394,1
771,31,34,61.0142826366376,0
1339,46,33,61.24349437104356,1
1727,59,32,62.598628043453694,0
1484,46,32,92.73891644188302,0
1678,40,33,73.76661930039467,1
928,57,33,84.3693880775304,1
1867,43,37,96.23988862977247,1
468,40,31,76.72266282354846,1
1984,39,31,76.39053730154771,1
63,41,39,86.0549199374381,0
987,39,37,64.1421906746792,0
990,51,38,88.58750193216653,1
1979,56,37,66.1240561087098,1
1013,49,36,85.56466986573156,1
1121,54,36,60.37721893064472,0
1818,35,35,71.69751648255918,1
14,60,40,60.408236204914395,0
1459,28,35,65.903665247513,1
939,56,30,65.99744379597023,0
1039,42,40,68.34961800789299,1
289,60,37,83.86833284660082,1
772,28,36,61.40594459741791,1
1084,38,35,64.77250531357366,0
1087,40,38,63.44755620541392,0
1317,41,37,65.69009744213466,0
1716,29,37,88.30439871825205,0
1700,50,37,66.38615386120125,0
1170,51,38,91.4209627023103,0
1956,38,32,71.19907967777257,1
327,43,32,62.34297379904521,0
157,22,31,69.59248232428958,1
1307,44,33,95.42615974325747,1
1582,55,36,77.42831018691754,1
504,49,33,85.44779174009543,1
786,39,30,84.66820059545446,0
70,36,33,64.19235798024533,0
999,49,37,75.43143199963328,0
631,44,30,81.1413608691117,1
376,34,40,70.54475990508921,1
361,49,32,76.95282167728422,1
69,36,36,66.15818338340736,0
92,56,30,94.73736187490722,1
1354,26,30,99.54214771802985,0
230,25,30,98.2817750487616,1
17,23,31,65.85363374233114,0
813,44,38,94.90612457483684,0
173,39,39,63.55745606561692,0
1976,60,32,85.99784778519339,0
94,48,40,97.29444063548061,0
1899,26,30,97.24376000966114,1
1868,48,36,88.8542700580414,0
819,53,31,95.74582479264845,1
602,22,39,85.3971263577918,1
1651,60,35,93.54858219018024,0
1353,50,32,65.778592686885,0
880,29,40,68.48610959682239,0
1775,48,34,68.44890633125436,1
48,60,35,97.39206188680173,0
1916,25,31,63.51518896105028,0
1505,56,32,60.26643021304337,1
1799,48,34,65.14101593786269,0
390,43,32,91.17010557176467,1
1902,31,38,75.79036641129116,0
1420,58,34,94.60759030144055,1
481,55,39,67.20621153622857,1
130,45,40,61.43945111035772,1
734,54,40,63.872895769184545,1
615,58,31,83.29775862349781,1
64,22,35,87.43762746591146,0
15,43,35,67.22753466750244,1
35,45,38,61.271852614298076,0
1897,22,38,97.5318416883011,0
643,41,40,74.42817556105679,1
271,60,35,60.68864756590885,0
334,60,40,75.72945977308585,0
911,44,32,82.11393231215149,0
565,35,33,92.1837768896286,1
266,32,37,88.3771344571669,1
135,53,33,81.76690624753947,0
1425,43,33,71.63457672521508,0
1316,49,40,71.07082407411417,0
811,26,40,95.37696992000238,1
1804,38,33,76.05224594773078,1
1254,58,33,98.97528099466251,1
1106,38,33,99.02670513993402,1
699,31,39,74.07971153570136,0
1568,28,40,87.57699406841903,1
161,24,34,65.80941421072909,1
6,44,31,95.23612492186606,1
51,43,37,63.35175828808594,0
159,29,36,78.47654662324373,1
1523,50,31,73.1240907336437,1
920,42,37,77.5382012213093,1
1641,36,31,88.6598958819671,0
392,55,37,79.5088393225487,0
906,33,31,83.02040053937432,1
702,53,39,68.74826010360796,1
656,33,39,82.19802039468334,1
859,31,30,69.25017089231594,1
1689,25,40,72.03285068917816,1
100,31,31,92.4150452149962,1
901,39,34,92.58353496247753,0
1185,55,32,83.86287371738426,0
31,53,32,96.64243153874399,1
194,44,33,95.64900433101278,0
454,51,30,63.06382399309953,1
1059,52,35,62.02522455112414,0
715,50,37,79.7319251769946,1
1612,43,33,98.24295994774182,1
1485,59,39,83.5505158229883,1
1326,25,40,80.76054278749375,1
1764,39,35,65.00868948055682,0
1717,47,36,99.78654577640089,1
616,56,30,67.09457186457254,1
1715,30,38,71.71181193594627,1
67,23,39,61.21215135296437,0
434,54,38,76.56513726555406,0
429,58,35,97.9453900322462,1
1778,26,32,63.63529619103118,1
1153,26,37,95.43149229034455,1
1055,25,36,71.94629196959932,1
236,25,31,82.38847582781682,1
521,60,34,89.21326859877482,0
1953,27,31,75.60633033872838,1
885,56,33,93.19799063831988,1
16,25,35,68.45125649330089,0
985,43,39,93.66155523085254,0
258,50,33,93.6271713176464,0
534,39,34,63.25310952587491,0
1637,56,37,84.37765800700858,1
1172,24,30,85.5041803853398,0
37,40,30,69.63266038308595,0
587,47,35,60.114460867620664,1
888,23,36,93.03356888217968,0
907,59,35,60.12330452421255,0
1543,28,39,64.83568432840924,0
413,25,37,69.1786233152884,0
380,29,34,95.50533186451555,1
512,59,38,72.72261346653642,1
1135,34,36,70.45201914718359,1
167,44,38,74.14824514500032,1
1368,41,34,80.56229823369476,1
1198,28,32,87.96475520202117,1
254,26,39,93.07251602581762,0
489,46,37,68.16716540597056,0
30,37,35,66.52887909569763,0
1983,44,36,65.52248778784131,0
1,53,32,89.87506783022661,1
899,26,30,94.04898001511381,0
1566,37,39,86.23882913118221,0
1388,45,40,89.78838882788456,1
1673,49,40,74.8783221070473,0
180,30,39,82.133369878045,0
706,45,34,89.15649248115533,1
348,52,38,63.961074845106175,1
641,23,34,91.75494225823482,0
742,34,30,68.79706739009725,1
553,41,30,68.84825156810955,1
462,33,40,80.96343039104315,1
775,43,37,78.34147635011396,0
1475,33,30,61.8712131706418,0
870,31,40,95.59491452884936,0
163,24,38,65.29388556601658,1
13,48,31,60.596929695082515,1
260,40,38,74.01992310009457,1
275,30,40,73.14280280668282,0
383,23,31,95.80930959040133,0
544,56,35,63.9761947781401,0
1782,51,35,73.25083319190385,0
395,57,36,65.52596096436713,0
1601,40,39,66.79386233343882,0
965,38,39,94.83962216847779,0
922,54,34,86.52998544189003,0
279,48,35,60.14148378606339,0
1371,23,37,82.97837755896033,1
967,35,33,73.96664682490785,1
976,49,38,97.05356105804948,0
1540,35,33,67.98124839632925,0
908,40,39,90.47700803957488,0
629,42,37,95.03788253744106,0
435,56,34,87.75488808320091,1
559,31,38,72.33589574435868,1
685,56,38,94.02173798896155,0
307,53,32,63.210929867599184,0
329,33,30,72.79768512265525,1
36,52,40,91.46936770701615,1
1100,54,30,97.14461855116596,0
40,25,40,70.36492584583192,0
515,43,40,69.79113479826025,1
1122,57,35,91.03506972655543,0
1474,36,34,89.58540801796886,0
382,55,39,68.74136696817503,0
108,55,35,90.24149037266425,1
1731,37,31,64.1987356279567,0
213,43,30,79.52250730266866,1
288,50,38,77.59320582631122,1
784,55,39,94.8798865091087,0
1168,40,31,80.60664555991562,1
897,57,31,76.6814324782571,0
107,35,35,82.56896096837231,0
1884,52,38,92.86678336412592,0
1263,53,32,96.25704989906632,1
375,52,40,75.19160198120382,1
461,37,40,67.99535798553192,1
28,24,37,65.53138403725735,0
636,44,33,85.58375906760585,0
1969,25,30,99.88555498406686,1
342,28,36,62.19000295906757,0
199,45,33,87.44473476777263,0
649,36,35,85.59458336489679,0
633,57,33,74.81650379154964,0
1409,29,33,98.3017367324736,1
1907,37,33,87.47173401903979,1
308,25,32,66.26916719999353,1
1589,35,32,78.58852899911552,0
1759,40,40,79.61033835399517,1
1548,37,31,75.59323813971648,1
639,38,30,93.97945155141846,1
549,34,30,67.42820873675836,1
1513,39,36,79.51403242086776,0
472,22,39,92.78422476379026,1
354,33,35,74.59261351353553,1
789,54,30,62.40286632785473,1
1171,43,40,75.45072897484272,1
621,43,34,92.77750173421761,0
977,31,31,99.62072041653414,0
543,22,35,94.05142905824923,0
1945,55,33,99.13961659162533,1
1607,44,33,86.45092293574183,1
1105,58,34,86.02080943908939,0
1508,51,35,77.83436593972822,0
1399,31,38,79.04110389380403,0
834,29,36,83.1218095895597,0
561,33,37,83.69786666140415,0
695,28,31,62.76325240625863,0
726,40,34,86.14603777513001,0
882,48,35,71.11249736480117,0
229,57,32,78.01908355619105,1
1833,50,40,80.99067791964526,1
1134,29,40,69.92917550082609,1
65,59,36,82.4204936492206,0
153,56,30,68.22583363804816,1
668,39,33,92.08862589232528,0
1950,42,34,68.4754453711558,0
1643,50,38,92.06218387759341,1
1078,27,37,78.6289750252017,1
1221,46,36,63.43011589551769,0
781,40,39,68.83075863016276,0
1088,54,33,99.1191700837534,0
632,42,31,64.020807039637,1
1096,24,30,97.87419535081435,1
1006,24,32,90.94994810649622,0
1132,41,38,75.69550846594294,0
1450,22,30,94.4788101854694,1
1594,33,30,90.69251629203437,1
1427,33,37,89.7700258651868,0
1419,53,31,75.95887419573623,1
883,45,31,81.5009326043441,0
716,23,36,88.80116447029079,1
766,47,36,65.26979873726438,1
1310,55,39,88.5285242772762,1
591,37,34,76.47469377645268,0
71,49,40,69.47925041272903,0
614,29,34,81.25073870296201,1
1769,45,38,88.50318068995185,0
1910,36,33,77.03119759719932,1
1418,28,37,83.37412038361825,1
1852,37,37,61.79673996161716,0
359,41,32,94.67004190792834,1
1753,60,38,63.39491076818994,0
470,42,35,97.56889420918145,1
477,27,35,85.39439555013328,1
653,22,40,71.07225041887546,0
1642,47,37,65.51882050427824,1
310,31,38,82.74310007125256,1
355,38,40,65.7962832913208,0
467,57,32,86.76628909730327,0
405,29,38,80.66018668186322,1
1776,45,39,96.00366518265791,0
570,52,34,69.4223619242677,0
192,24,36,94.89914742431348,0
1305,28,39,61.208026813595644,1
428,26,31,74.43104266119173,1
1578,58,39,93.35825571879889,0
808,43,36,68.3292038445978,0
698,58,31,94.08521178418782,0
141,37,31,89.27187078737317,1
88,57,39,99.617163028502,0
774,57,33,84.80415460253121,0
1336,37,40,66.84435727392997,1
1430,54,38,69.39156632681934,1
913,35,40,80.92731780369442,0
1502,27,37,72.27084732251726,1
510,35,39,97.91564590850601,0
84,39,31,70.4867948678476,1
1306,47,35,88.36379940097498,1
1927,39,38,64.89295080858567,0
1665,42,30,98.21260836447257,0
1851,38,38,88.60662935968952,0
863,40,36,78.09304086596771,0
1742,55,33,76.19113109930996,0
1270,38,40,61.494116200258986,1
1321,34,37,78.8224083737131,1
1879,45,37,85.23648139320676,0
1762,44,34,61.12044256054024,1
1286,28,32,62.63097060531565,1
610,52,37,77.32302562941186,0
935,52,36,72.9433571298877,1
463,36,37,94.58910332719061,1
144,22,38,96.96873890522824,0
1182,39,32,97.29514904097984,0
719,37,38,99.82373918808324,1
1913,53,30,92.95143537309565,1
839,52,38,60.59488918384937,1
780,51,39,76.02187008885987,1
562,32,37,94.676747870954,1
930,59,30,97.26465991117956,0
246,35,30,76.93185012119271,1
1993,28,35,77.41355077675408,0
520,45,39,76.60090511826948,0
469,58,40,89.36092555120587,1
1864,60,38,88.96089299455657,0
181,46,33,78.15226699480235,1
1315,26,31,76.9056022044327,0
1677,28,37,90.4753911416243,1
1031,47,32,86.83968100984787,0
474,42,31,90.82483647482374,0
881,24,38,76.54012804691953,0
178,53,37,62.4803756580038,0
919,26,37,83.61583610854244,0
1397,45,30,89.76094159194561,0
460,23,32,71.00239454048054,0
106,34,35,75.68214058257865,1
1271,53,31,77.74873800412097,1
982,57,35,80.68707312485412,1
1507,30,31,78.95623251577737,0
962,50,30,62.97743227055509,1
1148,31,36,98.53487461698575,0
122,26,34,67.91877785169393,1
374,24,34,98.22223210109982,1
1421,53,33,75.90166856423762,1
1190,46,34,89.36292313938671,1
1605,38,38,90.75497359130298,0
769,43,30,60.47715177341817,1
1320,35,39,86.90966985351594,1
1644,26,32,86.467132625929,1
1246,32,31,88.49137195513424,1
408,60,31,80.42383698475683,0
1602,41,38,86.34250575455539,0
1101,34,34,77.98880927891238,0
1924,40,36,99.56748721767008,0
1250,51,36,73.56880670504589,0
1447,38,31,79.33976782737412,0
599,56,37,79.70759145621312,1
856,35,37,76.52288137999498,1
508,54,32,75.42070754823023,0
1989,35,36,94.79886092392275,1
1119,54,34,98.24576237249875,1
1745,47,34,95.88951381813818,1
1162,23,30,99.23671894957177,1
483,38,39,76.20860940128605,1
652,25,35,94.59470960816009,0
294,56,30,84.85416115412369,1
55,35,31,83.91810077473562,1
1877,50,30,64.14171227437554,1
426,39,35,74.82099009340259,1
1733,59,39,77.42695253193598,0
1360,43,39,75.8593551924718,1
648,34,36,79.82246183140535,1
1264,35,38,76.21241361702177,1
1925,36,31,98.65208656619696,0
431,38,35,91.68694684990375,0
1205,51,40,78.19369715894786,1
640,45,36,74.3018815851031,1
1260,31,33,91.57494558910506,0
410,56,30,88.31846465962151,1
1883,22,31,81.79641763366931,0
1664,30,38,94.5816593363098,1
917,55,37,61.927972458293596,0
815,51,33,63.76096525321615,1
1471,56,34,75.30120049509186,1
1645,57,36,93.26072299217688,0
299,52,39,86.4058613553641,1
415,28,40,67.43416056699908,0
116,31,35,69.76380086029225,1
1147,26,37,67.02081386697809,0
1366,25,31,72.25503250771487,0
1892,24,37,88.70609221622097,1
1736,27,38,84.43073744486503,1
1236,43,35,74.36222453123347,0
528,60,40,79.98170054752029,1
1060,54,33,86.53897748749364,1
1756,43,40,78.50490988965464,1
1416,53,32,70.53897462753898,0
975,36,32,93.20199175008426,0
218,52,32,91.62407390262692,1
947,28,30,69.38431494440464,0
1338,31,39,66.0301760633505,1
1621,55,31,91.73991804544954,0
730,34,31,66.82761325142776,0
926,41,30,74.81650533121463,0
164,25,34,76.40020620494867,0
722,51,35,86.96747955213465,1
669,28,35,98.70660092483695,0
1726,57,39,90.45476098420997,0
479,33,36,74.86702676307348,0
1795,43,34,84.7200924114251,0
422,42,38,71.72786853421745,1
1857,43,39,90.69631498700575,1
903,34,35,62.294030067371686,1
862,28,32,73.11640182863022,1
1242,34,38,96.67904431950217,1
1973,31,31,64.6584883588252,0
46,57,39,77.02627881320275,1
535,47,36,78.22467331491477,1
86,29,32,63.34197348207263,0
1347,24,32,62.06196420178716,1
321,30,35,91.5484431561884,1
58,30,39,97.52199204490735,0
8,46,36,73.66808029830638,0
295,54,34,83.19042348392989,0
711,27,31,87.2138909998905,1
1312,29,35,88.70644547007446,1
1832,51,33,75.35165816105597,1
1652,55,36,75.51892622094081,1
155,55,31,84.47094352446588,1
418,39,33,91.7711106211079,1
1010,36,39,81.07208109568371,1
1279,37,37,84.65026178040951,1
626,57,33,86.8967413476949,1
938,38,39,66.9970198040141,0
416,37,38,73.85518956959869,0
1901,49,32,95.55550161336336,1
1532,22,32,73.94041718956731,0
1103,22,36,63.97710975078568,1
1559,30,36,89.60258061239638,1
1047,59,40,99.08387576642377,0
1262,47,39,61.91889263136642,0
1997,55,34,92.19753664375415,0
964,34,32,60.36554169244149,1
1411,31,30,80.73172686244641,1
595,41,37,69.00985263789823,0
1173,38,33,86.06635827084189,1
1767,58,35,79.88703025604185,0
68,23,36,86.6969760175335,1
385,43,34,85.32167923988894,1
1985,36,31,70.81071799428891,1
1166,47,33,72.49451135832408,0
1962,45,39,96.43826775658624,1
1188,28,40,62.723430336712404,0
877,50,38,84.12124064778766,0
1469,30,39,64.2300053430578,0
654,26,34,77.5054733294647,0
1895,56,36,65.8878696842003,0
590,40,38,93.09097231938766,0
1699,31,35,94.15226840041751,0
1903,54,40,77.60949742835194,1
1931,38,31,73.87317387268342,0
305,45,30,66.96144353242255,1
1020,55,33,65.22106942819217,0
239,49,39,63.710781691223346,1
1994,33,39,75.60367439748943,0
1965,44,39,87.86130373268645,0
942,39,30,93.79233777685704,0
807,58,33,87.76871440951936,0
1709,34,37,97.67162489114497,0
193,47,32,66.22277290389025,1
1401,39,32,83.38215272543152,1
1825,54,39,85.62534388836593,0
1128,58,35,76.10168657004303,1
345,29,40,78.27705786244987,1
1415,49,33,87.2017815756524,1
966,26,35,84.01032016734484,1
558,57,34,98.36310660701916,0
842,31,32,77.68853128361927,1
165,50,35,90.84555778373402,0
630,40,34,69.09192208243509,0
494,48,39,61.354780935477756,0
1407,42,37,96.2979911632562,0
215,52,31,96.41849903329276,1
1241,23,35,69.42824713224479,0
1574,37,40,84.82908033869822,1
802,41,31,85.28896171515267,0
115,55,37,60.07453110237654,1
1332,32,30,60.31561506906225,1
957,30,33,97.23448277030602,0
209,29,34,71.6449642674233,0
822,52,37,89.34969542890065,1
755,27,37,71.11684615897875,1
146,27,36,77.68133043440304,0
113,43,36,94.37363761491989,1
1146,36,39,93.37370548856241,0
1606,38,37,64.28340128421692,1
125,23,31,61.19518026050544,1
1446,58,38,61.916045203796884,1
1808,58,38,70.33120431857058,0
1633,33,36,93.43138300593154,0
378,24,36,65.66271279334917,0
57,58,30,85.80747586942272,0
1169,46,39,74.9349527204329,1
72,48,30,95.05723429853543,1
1635,41,30,99.00585622629391,0
1276,48,39,94.25589148332531,0
214,38,33,97.04361222631937,0
1230,32,35,89.91283950073748,0
184,50,32,83.54371150970123,1
1277,32,35,67.61553373529566,0
680,28,35,83.07853066402672,1
806,49,30,94.2691591617108,0
585,48,40,64.2911741144042,0
1667,40,33,93.39344250224002,0
399,29,36,87.27386210480252,1
262,50,38,70.00879379114944,1
1525,40,38,93.98759939392582,0
1327,52,31,95.03500355968421,1
79,42,33,79.26279299120574,1
1378,38,33,61.18265893164388,1
840,48,33,73.19505531907878,0
533,42,37,66.66664952547802,1
1313,27,34,94.35787512302107,1
1435,58,32,71.20896863302458,0
1232,36,38,90.2120726434706,1
156,38,31,93.8803420413386,0
950,48,34,80.63378599988351,0
1143,24,40,69.90104155354541,0
1806,22,39,65.32912844662467,0
847,57,30,70.29998059506475,1
1616,32,40,82.92466707475543,1
589,47,30,64.2355731027688,1
129,56,39,77.7859969512653,1
1516,29,40,88.45396597318825,1
10,34,30,90.70054543740537,0
1376,22,30,96.9327972230858,1
326,60,37,69.42344040781617,1
1187,39,37,75.69152458391432,0
1850,30,33,81.91379800591892,0
1930,53,38,65.5494716280934,1
960,44,31,93.10492934770198,0
511,60,31,99.33591188433336,0
207,43,37,98.77455179621437,0
845,41,35,65.4809983638161,0
568,57,37,88.02070363526397,0
969,24,35,94.29999988415199,0
1819,39,30,65.95661561306564,0
765,54,32,75.59177131056991,1
440,23,40,88.43601277047316,1
1551,49,34,63.31795712485045,0
190,49,32,79.31453859609285,1
363,52,36,82.63271225490861,1
540,45,37,66.78532936606125,0
1585,43,35,68.1869635465994,1
1406,58,35,80.95060636116739,0
93,56,33,72.75994678418378,1
1791,50,30,81.3328643221202,1
1609,28,32,73.47107688071779,1
1992,44,33,63.12989143942793,1
73,36,33,72.79018834857246,0
276,54,37,84.70752586462429,0
1454,35,33,89.98550954890364,0
1413,59,40,93.75411316375107,1
111,48,37,93.49022563978684,0
1441,38,30,65.54529942093735,1
1243,51,32,87.2544743298027,0
1720,25,31,98.38343379265358,0
582,59,40,79.77621135413725,1
1870,27,37,91.47936148414632,1
945,39,36,67.91574070372953,0
1110,48,34,83.50172570028253,0
1845,35,36,97.81951821618622,1
270,32,38,85.06409125101035,0
1443,50,34,68.7391125301783,1
1528,57,32,91.95128240381783,0
1681,44,37,66.93899869841225,0
879,53,32,73.61831364111163,1
1693,40,32,91.30666929503668,1
458,31,36,65.76420323433018,1
240,34,39,96.92607946045115,0
1801,33,30,94.87909170852177,1
546,33,34,77.86096171853232,0
1770,46,40,80.21472311111958,0
1144,22,32,90.60448980067207,1
1281,25,33,98.50375313804403,0
174,33,36,97.11999926344919,0
829,54,35,77.6540451135013,1
1670,26,30,94.45360080415982,1
1448,50,36,70.53915048777363,0
1284,38,32,69.04834170778982,0
1024,41,31,61.18941395450961,0
524,39,36,92.60924581044985,0
1712,31,37,88.83010290815048,0
609,31,32,79.7463328142693,1
2,59,33,94.53625891444474,0
95,46,32,97.83821973118306,1
1734,60,32,97.97158006080707,0
1362,59,32,82.58858377427816,1
1779,30,33,66.72732550236286,1
1438,24,38,72.8929323442423,1
958,26,35,68.91776842038792,1
1688,22,40,79.11075100232868,0
1735,45,39,70.21766146794906,1
386,33,30,73.63753303546775,0
1494,42,33,61.482689686275464,0
1658,45,35,72.83232055373827,0
1657,33,33,98.09844482253823,0
1622,49,36,84.64969867199139,0
739,48,37,89.10358387574117,0
1451,42,39,60.140897682590186,1
1674,26,36,60.27461343575461,0
1584,26,31,76.3841422769017,1
1015,22,30,96.12312294849573,0
876,41,37,90.71044121649902,1
516,24,32,69.42102676772521,1
38,47,38,81.30392071163682,1
1345,42,31,72.42310239776967,1
1290,46,40,61.9235279960646,0
480,40,31,90.06352995179054,1
750,49,33,90.11972916755576,1
393,41,34,83.89106808219533,0
1972,42,30,97.93277963970908,1
1768,31,34,92.82518871054407,0
763,25,37,96.0637490280131,1
592,51,40,97.43396525151036,1
1344,23,35,84.93127546404432,1
810,42,38,70.70919174924308,0
1408,49,37,62.41238767899937,1
339,52,33,86.10273442465429,0
914,40,35,90.18705947479646,0
1289,55,35,71.96467843294609,1
126,30,37,85.66836916141142,0
1297,25,39,68.27810254663126,1
1680,23,36,66.73976228587964,1
1958,48,39,82.02271920884985,1
1324,30,39,92.80774804484133,0
61,24,37,97.5330098190639,1
52,43,39,78.57797970145138,1
1814,49,39,81.92184680758366,1
1035,53,33,76.95716639425662,1
303,52,34,70.03210453429101,0
1698,33,36,85.68987133319524,1
1583,43,39,92.7659136823693,1
576,50,36,87.60664676876851,0
1980,24,30,61.614277092337744,0
1800,33,30,96.91285197910051,0
783,31,36,91.6287936571457,0
1291,37,33,72.11489238361176,1
1946,38,36,91.23685328725591,0
605,53,35,63.94913437985202,1
650,24,32,84.9820962768633,1
371,47,30,93.60899730529745,1
1226,23,33,98.57030868823807,0
1773,41,40,86.66891662953586,0
320,32,31,92.10000457552073,0
1058,57,36,92.36435574212351,1
994,43,30,89.30770222511114,1
1517,26,35,84.00729454984219,1
318,59,35,80.89389662682436,0
869,36,30,76.33380869918771,1
1891,34,40,71.18609001980664,1
74,45,40,79.56962160453563,1
1155,50,39,68.54218677927992,0
1970,36,37,66.08374399247143,1
32,59,39,89.85436670930666,0
1796,36,40,96.8038217585365,0
1014,45,35,91.40830491809561,1
1933,36,34,68.79796945513905,0
352,47,39,95.38064363808974,0
1701,47,39,62.65134716264049,1
42,46,38,60.10846507655319,1
1562,39,33,77.6260860340137,0
1866,60,33,69.65562318639181,1
1075,34,33,61.47349183358592,0
1662,25,37,73.44165158281618,0
1766,33,34,85.25520281763869,1
725,22,40,81.19986399879596,1
1478,50,33,95.5602479784904,1
1253,24,32,68.9673835090989,1
1707,29,35,90.4574582166848,0
1214,35,40,80.16294129428994,1
1071,25,38,79.30712239450318,0
47,33,33,90.47155836306658,0
874,60,39,63.53023602130473,0
317,42,38,74.6744277370151,1
551,40,35,96.22824765362115,0
1021,47,31,62.35548653753203,0
188,26,33,80.52670495012885,1
1590,40,37,82.9718932837544,0
202,48,35,95.6234891323065,0
1537,28,33,94.26757055225144,0
1456,57,39,97.77426318484902,0
1561,44,30,62.58683570157556,1
836,41,32,68.36370118649302,0
26,39,36,98.09688320912733,0
322,41,31,70.35218541878669,0
1830,24,31,93.69077819669741,1
1029,33,31,85.87637152072796,0
162,30,35,88.06442919583198,0
1577,38,39,97.37214042893945,0
1820,35,32,67.09774727801052,0
1223,41,40,69.26613697890168,0
1739,43,37,61.35880281567466,1
732,33,32,71.81670123195906,1
1220,34,40,77.41722745137199,0
761,32,39,61.026709288687954,0
980,23,40,70.24523116640245,1
1464,24,37,77.70301800513697,0
1812,22,40,60.85740316914156,0
1423,46,32,95.88826983082512,1
1510,28,32,94.60591483355677,1
752,45,33,67.8356940968913,1
505,31,34,93.26698304361562,0
1888,30,30,71.91368909257906,1
1490,60,31,84.02257791718279,1
1044,40,37,90.43087479741449,0
1222,44,30,63.829681734698354,0
754,48,40,72.4699351940184,0
1436,36,37,60.35100971678746,1
921,44,30,98.18101716602233,0
1092,28,32,80.97962943959705,0
1025,53,35,86.11783376150782,1
253,40,33,74.61943348072383,0
1944,41,33,99.21198088186594,0
1521,42,40,64.9884539832466,1
25,46,32,63.98280704895584,0
1346,58,31,63.44321814497132,0
1889,30,31,89.99931606661886,0
737,47,33,89.39923801759927,1
1488,47,38,94.83798508049385,0
961,33,39,60.554027387495374,0
832,40,37,61.975274742742464,1
293,42,34,65.81539819777511,1
364,41,39,84.17927790325777,1
1955,52,31,79.1130207907188,0
673,39,31,72.5001284614739,0
34,34,33,81.0819468385447,0
826,28,38,92.04442621190475,0
974,60,34,77.8960321742857,1
1655,25,36,88.74168446000155,0
927,23,33,71.42748510903476,0
776,28,40,96.8153480340501,0
1391,38,38,88.86156942379259,1
646,53,30,88.35335519095652,1
283,35,36,82.86444942196992,1
1383,58,39,85.75698084719701,1
1066,54,30,61.20425828055638,0
1869,56,30,90.82666425920749,0
101,44,33,72.42111024641117,1
1159,23,40,98.99349251801425,0
1049,26,32,60.9436522899996,1
1269,22,36,66.61829784207482,0
1136,41,30,89.65120934277822,0
1196,47,30,70.75310751806462,1
296,28,31,77.22867783534008,0
760,58,36,69.00774579045017,0
285,44,39,64.2204258745835,0
532,37,30,73.27432078274367,1
1546,28,37,77.40211520347889,1
1975,22,36,77.93253300989373,1
855,35,32,82.9049447076769,1
81,55,30,72.0920645867536,1
625,27,38,87.76338273897531,0
127,35,39,64.44502679061715,0
872,24,37,78.69116776632957,1
525,56,31,64.57409765543636,1
1904,49,33,88.70960743449469,1
593,34,37,70.74147778205182,1
1349,51,32,85.94157373550365,0
297,43,35,70.37948721297897,1
333,27,30,90.74520958263645,0
1348,50,36,71.6580161201974,1
1302,50,30,79.65650562620428,0
792,47,39,60.96210879646349,0
1545,49,34,62.232434058490185,1
871,30,35,79.61192342221607,1
1077,33,30,92.41871130324716,1
1816,43,30,96.69879378824271,1
878,31,39,91.9138001976026,0
509,30,35,70.05676394230159,1
517,24,37,94.60779862645919,1
1963,23,31,75.91085644815806,1
764,22,36,94.14753786761095,0
1023,38,39,80.12324998904414,0
1384,28,40,84.99335895300405,0
1062,26,38,64.5976365744596,1
304,35,40,75.8828101579724,1
1234,59,39,76.78676945307643,0
1479,51,34,82.88070421221589,0
1619,57,35,92.1733370151996,0
255,30,33,81.27730892176339,1
931,26,40,97.40958229902954,0
818,56,38,67.2105125975053,1
1287,37,39,65.62929785067797,1
953,29,32,77.48871898575277,0
446,39,35,67.44555410012399,1
1402,40,38,83.80294965476733,0
471,34,37,66.44069699350396,1
217,45,39,69.49887051465146,1
970,41,39,98.62650200995026,0
1133,43,33,67.39843488857663,1
89,55,30,98.72108438733348,1
166,60,31,61.46749390010673,0
1311,49,39,66.81968987398014,0
300,45,30,99.5826983945596,1
691,43,37,71.26667498337582,0
1052,58,35,66.33550298855855,1
90,55,37,66.5047964054927,1
1452,25,31,72.77500150432289,0
1841,23,37,74.84738456905379,0
421,37,35,67.18461889538482,1
1318,53,35,92.02883528051957,0
475,35,37,60.12023091992169,1
197,29,38,66.30273424912983,0
1912,39,40,64.36270305565985,1
848,23,40,94.69528064163796,1
660,56,31,82.9157190701742,1
316,59,33,82.46970271612963,0
234,22,40,80.95095002562758,0
864,43,31,74.88289853806157,0
1257,44,32,64.43150162925737,0
1358,44,39,85.70430331272043,0
414,22,30,84.21274941695542,1
613,33,32,63.597051018638204,0
1915,44,36,72.06465482468332,0
1294,48,40,91.85626692632981,1
1225,58,40,60.5049808274459,1
1009,51,33,78.20149726131268,1
1496,31,38,76.0934659600317,0
647,27,39,60.49565528480466,0
1178,51,32,66.60603350233711,1
175,37,30,93.90293581232797,1
1299,45,34,93.77704905832934,0
102,58,30,74.91775787694039,0
1216,58,38,95.26949240147178,0
315,47,38,64.93218477543171,0
1051,32,35,76.84191236481101,0
895,58,30,80.88012067917012,1
1876,50,30,98.11523799465998,0
622,56,40,94.77237604804954,1
757,36,40,96.59653124462295,0
1265,28,31,99.04368022791101,0
1947,30,33,82.99601363220819,0
611,40,32,98.38782878369499,1
555,41,34,95.274305800038,0
1466,31,35,64.69904819514342,1
311,37,30,70.97458870643256,1
20,55,30,85.66357712054705,1
1873,33,39,93.30447809771687,0
1322,50,36,92.5529586777312,0
541,25,37,88.42802213959118,1
1591,45,37,71.21462974245952,1
952,39,38,74.35172606372825,1
1691,48,36,78.68082148951649,1
59,52,38,62.61723180477566,1
85,36,39,78.16734558950834,0
1165,31,31,76.03157000162025,1
1687,25,33,92.9637647059395,0
689,55,31,98.9367436095323,0
377,38,40,62.6856399086431,0
77,32,38,74.77971268210848,1
328,38,31,63.88757303786285,1
1849,43,37,83.57634127902871,0
1239,36,32,76.76095810226619,0
1189,38,35,95.61970351105734,0
556,44,35,95.51668939488061,0
1375,26,38,66.90517856083217,0
1079,52,37,94.81174956915447,1
1392,57,30,94.59445576698475,1
1094,41,36,79.44362601697682,1
1116,22,34,93.24926270289335,0
1355,24,31,72.63812187648304,0
1030,27,39,78.52915243705053,0
493,31,38,98.79058838790834,1
642,50,39,94.35148404560456,1
1503,37,30,77.17455836392065,0
1533,39,31,61.76952341095911,1
973,47,36,94.76995793921,1
627,28,36,95.50771952230602,1
1682,34,39,96.83749049122491,1
1959,59,32,85.71427680927933,0
841,46,30,87.83025609009069,0
655,39,39,94.89011414422944,0
1840,47,34,70.55090877593278,1
1054,53,40,89.13252280360116,0
1202,35,33,72.03747926120103,0
623,55,33,67.30309526763126,1
24,34,39,63.23755788199628,0
795,47,40,98.2872030326545,0
529,28,31,80.15155551517003,1
1334,60,37,68.13780388592828,0
210,30,36,75.84678780905422,1
131,25,40,93.51873303639398,0
1439,55,30,75.1828495896743,0
1536,53,38,92.1440734409488,1
1019,57,38,96.42151649775099,1
887,55,35,82.90161844422329,0
1295,44,30,81.66338385700998,1
833,38,33,82.21926474349326,1
1951,43,38,77.84499497897481,0
951,60,31,97.38246174737745,1
1211,47,34,72.8953446123995,0
1483,51,32,82.63899237201522,0
1158,44,33,86.36281417433842,0
1626,28,37,81.53335468540189,1
1942,42,36,61.22654084073204,1
569,51,30,81.58616825503039,0
956,38,38,86.48445631286489,1
1099,57,39,66.21384006865212,0
1785,26,40,86.24566295851179,0
604,30,35,78.29648792713388,1
846,28,33,61.93400486242852,1
1555,33,33,72.48221672071205,0
594,51,30,88.84948505389549,1
302,57,30,73.51325992390954,1
251,33,33,68.21952616835428,0
850,50,39,77.91021397622035,0
1455,31,34,62.553958904451875,1
1524,51,37,73.23926378584964,1
1721,47,32,60.17612849864267,1
1124,50,33,64.22330469459533,1
1697,30,39,98.99182469965413,1
1365,51,38,62.21111282381862,1
264,60,39,96.99046051607561,0
923,51,37,76.22014448630422,1
437,54,37,90.2700973055451,0
482,39,39,94.50606771578839,0
1650,52,35,98.05250571528376,1
1067,47,32,63.35792372799769,0
1026,36,37,78.34378708797442,1
1011,35,40,69.95580813802798,0
1535,43,38,93.28442520574445,1
1780,30,37,60.413936221940226,0
573,45,39,70.60743363010573,0
1538,38,40,78.41048082228343,1
1921,60,31,67.37355245863887,0
720,34,33,87.55278151471816,0
1998,55,32,99.44145196544663,1
809,47,37,77.10645812376367,1
1519,56,37,73.82192519864957,0
1565,33,30,94.83016581892781,1
313,28,34,86.80417303721403,0
1896,31,34,82.7148059695034,1
1659,55,30,68.80531640164789,0
867,30,40,88.39233416564036,1
657,42,32,76.49888531499077,0
1252,49,38,63.07777079883339,0
145,23,40,85.2667088936695,1
1748,27,30,72.77965910864975,0
852,41,31,65.06849188483511,0
857,28,34,78.24399654458358,0
1125,46,40,95.57607187360935,0
360,58,40,74.04896385023565,0
902,32,40,84.18553612321077,0
140,30,36,61.53471862053201,1
718,45,33,83.50069532433835,1
1544,37,36,89.43569374147941,0
1394,33,38,77.56658382688363,1
1207,26,33,78.24812410000536,1
1668,50,33,82.8767630664276,0
331,30,31,98.54910658341372,1
575,23,32,95.5312805187441,0
794,34,36,60.12977250849686,0
731,28,35,96.97880100273335,0
398,29,30,65.2610349299876,1
828,42,30,73.98402829281653,0
212,28,34,69.21298417704342,0
1723,45,32,72.4352354692852,0
687,46,33,88.88794495806741,0
1065,28,30,68.1694826080382,1
767,44,30,87.4958930385194,1
1556,42,40,97.79655841295556,0
1728,32,36,95.06542348067438,0
117,44,38,64.58425932521844,1
1497,34,32,62.83117209318909,0
1922,47,39,76.70674308331408,0
612,56,33,86.35907789625546,0
1107,51,40,91.28866103646595,1
1300,60,34,98.04197636402998,1
1001,29,35,71.43508256204322,0
1960,49,30,97.8977367743315,0
1797,32,40,60.465331654255664,1
235,60,30,62.06317694442219,0
242,47,40,88.37639139009491,0
177,33,39,97.02799031090393,1
1625,47,30,96.57067786854738,0
683,31,36,86.55382444134632,1
282,57,40,78.63930635472224,1
1432,57,38,93.84625584855708,1
43,32,31,66.89660462525272,1
554,45,37,62.03705727010255,0
804,34,31,72.76965861741736,1
456,43,34,71.73918288383065,1
1807,43,35,96.687246621513,1
1926,42,35,76.4154057066084,0
1593,53,31,78.05243272004908,0
1374,41,40,97.99430134610688,1
703,27,31,78.87919165794665,0
1714,43,35,87.30444911048284,0
147,51,38,65.04387608733538,0
357,55,37,75.2463184843983,0
1309,34,32,87.25587849467789,0
76,49,32,99.65919318491633,0
892,28,36,62.12378751740721,1
1468,52,32,97.40649420968919,1
267,52,40,82.48711046633767,0
1987,41,35,87.09365109136544,1
227,56,38,64.61339260756611,1
45,39,30,64.56382645708396,1
1751,28,32,88.87699609965658,1
1266,35,38,71.99897518435102,1
195,48,34,67.08694665880617,0
419,48,33,85.7405530936922,1
1350,38,37,87.78552079845454,0
600,58,40,63.325954929595284,0
805,44,35,86.11115434748137,0
686,23,39,85.71575154885221,1
118,50,37,97.71233931250606,0
1164,58,36,77.00437644021913,1
1844,35,31,99.66631020704057,0
340,49,36,94.19919598792731,0
433,54,32,96.59080072083862,0
727,24,39,68.56989904643613,1
1000,30,33,80.80911398869674,0
290,40,39,95.28731058980364,0
490,35,39,76.1999754873444,1
1749,52,35,99.73475736983967,1
929,24,34,66.97945745047618,0
638,59,36,98.20499853049526,0
1660,23,40,78.55428459077685,0
238,58,38,73.18202736676729,0
1117,47,37,63.82652363660992,0
1191,29,38,80.25499590858192,1
1449,27,35,75.13548295340883,0
891,59,33,99.91390452950397,1
497,56,39,87.68221704332547,1
1518,30,30,93.07866364503587,0
1648,51,40,80.24551353093322,0
1558,60,37,80.9081520566777,0
172,40,30,96.48266463818491,1
1372,60,34,73.27594231285298,1
1215,43,37,89.16921677094365,1
301,48,31,64.19107228545846,0
226,34,30,87.97194723513721,1
1847,25,40,88.0656371010863,0
661,57,31,70.28506072471296,1
773,44,36,67.9189132284503,1
1949,39,38,82.05983665196993,0
1663,35,40,86.680023156896,0
445,47,38,91.05380485036034,0
1671,55,31,80.27323950883351,0
499,27,31,77.55114661113487,1
571,37,35,85.49553057855191,1
1878,57,32,89.85040937667168,1
1331,59,36,78.69938532612402,1
1460,41,33,93.13842905661295,0
1056,54,37,66.01850380860745,1
152,48,39,75.31511838110151,1
1229,58,30,88.80203725797031,0
1550,28,35,78.55927421508997,1
1823,52,35,82.17495964436918,0
694,36,32,78.62179420604595,0
1747,37,37,79.99727300550322,1
560,35,38,65.82626992382393,1
1480,53,38,68.13204065812408,0
1417,24,33,73.85433699183649,1
1422,32,31,75.94734735733093,0
663,37,33,98.34692193128882,0
1939,41,38,77.30870112454878,1
536,39,30,76.23488779621638,0
1792,44,31,71.47312500911062,0
1553,58,32,73.98264019334596,0
1298,59,36,68.15889770643798,1
513,38,37,71.58217909288393,1
1835,57,36,77.11268838895296,1
937,35,36,71.0861119362152,0
1738,57,37,93.68147850307247,1
1293,35,30,63.51159312764595,0
1725,31,33,65.92752708712254,1
1361,30,30,60.6014763358929,0
83,40,38,68.89566354256968,1
678,59,36,98.09389875409752,1
817,48,39,90.03016663731279,0
1586,52,33,77.65890191235442,1
343,40,38,83.14160662908327,0
1690,56,33,62.44220595609044,0
114,46,33,67.27358059883659,1
1018,35,35,91.76339999545637,0
1676,42,35,68.07145883212861,1
1824,38,31,97.81895662737243,1
827,26,30,94.89340724563718,1
2000,60,38,74.35284919760734,1
1661,45,38,72.63591267436715,0
1861,26,31,96.92536981285232,1
491,54,36,99.24746630215351,1
1894,24,32,68.41803014175947,1
662,23,39,82.57919217155577,1
566,55,31,89.85624332762767,0
1914,58,34,70.91458969333496,0
714,56,38,89.54227170604723,0
1176,52,33,60.98619915495803,0
1486,43,39,92.97465843248128,0
671,31,37,60.99838263580758,0
189,40,32,65.0534721705607,0
332,40,31,81.31492365258596,1
679,32,31,70.2664112779081,1
1181,36,35,93.05996813364742,0
502,29,39,62.58717198384187,0
1126,49,39,61.12256901795994,1
1938,35,38,61.83511437756947,0
1027,60,34,84.65992781219988,1
997,25,33,84.71506646808663,1
791,44,35,93.13421189486161,0
132,39,39,89.63746300419642,1
62,28,35,82.43418035543768,0
1527,41,39,99.04784247692204,1
280,46,33,68.02936032814526,0
552,50,30,68.82662733685805,1
319,33,32,90.55765108057909,1
291,52,31,94.92046070229715,0
1203,24,36,61.82598392281005,0
417,25,33,74.20192052841644,0
830,39,35,63.42043556508122,0
779,47,33,83.38139688150926,1
1836,37,37,95.5921268417538,1
335,49,34,95.56693098618827,1
1581,44,39,62.61129140469868,0
519,35,36,88.71605274277667,0
1150,48,40,89.50462391741198,0
309,24,31,68.06851236532236,1
1073,54,37,90.83894760796029,0
1636,52,32,79.90656247071124,0
1885,56,38,94.86142340808178,0
1174,51,30,85.43853322864759,1
1111,23,35,71.96821947204464,1
1826,57,30,66.98534088915062,0
